{
    "id": "sae_telewperc",    
	"style": "mapbox://styles/abkamunro/cm0zkh9nc00l101p44bk9eirp/draft",	
    "table": "config/tables/config.table.sae_telewperc.json",
	"type": "multiple",  
	"highlightLayers": ["SLA-CMACA-highlighted"],
	"searchID": "SEARCHUID",	
	"sourceLayer": "SLACMACA-200-SAE-Dummy_v6-7olpu6",
	"suppressFields": ["CSDUID", "CSDname"],
	"geographies": ["items"],
    "eFileDownload": "etest.json",
    "fFileDownload": "ftest.json",
    "fileReplace": ".csv",
	"stops": ["#e0e0e0", 0,"#f4d1ff", 0.20,"#d4b6de",0.40,"#9d7ba8", 0.60, "#765780", 0.80, "#553a5e"],
	"legend": [
		{"color": [153,100,100],
         "label": {"en": "Urban (CMA/CA)","fr": "Urbain (RMR/AR)"},
         "value": ["Show/Hide", "URBAN"]},	
		{"color": [224,224,224],
		"label": {"en": "No Dataaa", "fr": "Pas de données" }},
		{"color": [244, 209, 255],
		"label": {"en": "0 - 20", "fr": "0 - 20"}},
		{"color": [212, 182, 222],
		"label": {"en":  "20 - 40", "fr": "20 - 40"}},
		{"color": [157, 123, 168],
		"label": {"en": "40 - 60", "fr": "40 - 60"}},
		{"color": [118, 87, 128],
		"label": {"en": "60 - 80","fr": "60 - 80"}},
		{"color": [85, 58, 94], 
		"label": {"en": "80 - 100","fr": "80 - 100"}}
	],	
	"indicators": [
		{  "id": "SLA-CMACA-LFS",
			"click" : true,
			"styling": ["step", ["get", "p1_emp_rate"]],
		    "title": {
				"en": "% Goods sector 2022 Quarter 1",
				"fr": "% secteur des biens, 1er trimestre de 2022"
			}	
        }, 
		{  "id": "SLA-CMACA",
			"click" : true,
			"styling": ["step", ["get", "22q2_Goods"]],
		    "title": {
				"en": "% Goods sector 2022 Quarter 2",
				"fr": "% secteur des biens, 2ème trimestre de 2022"
			}	
        }, 
		{  "id": "SLA-CMACA",
			"click" : true,
			"styling": ["step", ["get", "22q3_Goods"]],
		    "title": {
				"en": "% Goods sector 2022 Quarter 3",
				"fr": "% secteur des biens, 3ème trimestre de 2022"
			}	
        }, 
		{  "id": "SLA-CMACA",
			"click" : true,
			"styling": ["step", ["get", "22q1_Services"]],
		    "title": {
				"en": "% Services sector 2022 Quarter 1",
				"fr": "% secteur des services, 1er trimestre de 2022"
			}	
        }, 
		{  "id": "SLA-CMACA",
			"click" : true,
			"styling": ["step", ["get", "22q2_Services"]],
		    "title": {
				"en": "% Services sector 2022 Quarter 2",
				"fr": "% secteur des services, 2ème trimestre de 2022"
			}	
        }, 
		{  "id": "SLA-CMACA",
			"click" : true,
			"styling": ["step", ["get", "22q3_Services"]],
		    "title": {
				"en": "% Services sector 2022 Quarter 3",
				"fr": "% secteur des services, 3ème trimestre de 2022"
			}	
        }
	],	
    "layers": [ {"id": "SLA-CMACA", "click" : true  }		
    ],	
    "title": {
        "en": "Possibility of working remotely (% of businesses)",
        "fr": "Possibilité de travail à distance (% des entreprises)"
    },
    "abbr": {
        "en": "MM",
        "fr": "MM-French"
    },
	"variables": {
		"en": "<p><b>DomainCode</b>: Geographic area code that combines the two-digit provincial code and the SLA code.</p><p><b>AreaName</b>: Name of domain.</p><p><b>AreaType</b>: Area type that describes if a domain is CMA, CA or rural SLA.</p><p><b>RuralUrbanIndicator</b>: Flag to show if a domain is a rural SLA or urban CMA/CA area.</p><p><b>22Q1 GoodsPct</b>: % businesses possible for working remotely, Goods sector 2022 Quarter 1.</p><p><b>22Q1 GoodsSdErr</b>: Standard error, Goods sector 2022 Quarter 1.</p><p><b>22Q2 GoodsPct</b>: % businesses possible for working remotely, Goods sector 2022 Quarter 2.</p><p><b>22Q2 GoodsSdErr</b>: Standard error, Goods sector 2022 Quarter 2.</p><p><b>22Q3 GoodsPct</b>: % businesses possible for working remotely, Goods sector 2022 Quarter 3.</p><p><b>22Q3 GoodsSdErr</b>: Standard error, Goods sector 2022 Quarter 3.</p><p><b>22Q1 ServicesPct</b>: % businesses possible for working remotely, Services sector 2022 Quarter 1.</p><p><b>22Q1 ServiceSdErr</b>: Standard error, Services sector 2022 Quarter 1.</p><p><b>22Q2 ServicesPct</b>: % businesses possible for working remotely, Services sector 2022 Quarter 2.</p><p><b>22Q2 ServiceSdErr</b>: Standard error, Services sector 2022 Quarter 2.</p><p><b>22Q3 ServicesPct</b>: % businesses possible for working remotely, Services sector 2022 Quarter 3.</p><p><b>22Q3 ServiceSdErr</b>: Standard error, Services sector 2022 Quarter 3.</p><p><b>Searched CSD</b>: Census Subdivision (CSD) code searched for by user. Only visible in table.</p> <p><b>Searched CSD Name</b>:Census Subdivision (CSD) name searched for by user. Only visible in table.</p>",
		"fr": "<p><b>CodeDomaine</b>: Indicatif de zone géographique qui combine le code provincial à deux chiffres et le code SLA.</p><p><b>NomZone</b>: Nom de domaine.</p><p><b>TypeZone </b>: Type de zone qui décrit si un domaine est CMA, CA ou SLA rural.</p><p><b>IndicateurRuralUrbain </b>: Indicateur indiquant si un domaine est une zone SLA rurale ou une zone RMR/AR urbaine.</p><p><b>22T1 PctBiens</b>: % des entreprises possibles pour le travail à distance, secteur des biens, 1er trimestre de 2022.</p><p><b>22T1 ErrTypeBiens</b>: Erreur-type, secteur des biens, 1er trimestre de 2022.</p><p><b>22T2 PctBiens</b>: % des entreprises possibles pour le travail à distance, secteur des biens, 2ème trimestre de 2022.</p><p><b>22T2 ErrTypeBiens</b>: Erreur-type, secteur des biens, 2ème trimestre de 2022.</p><p><b>22T3 PctBiens</b>: % des entreprises possibles pour le travail à distance, secteur des biens, 3ème trimestre de 2022.</p><p><b>22T3 ErrTypeBiens</b>: Erreur-type, secteur des biens, 3ème trimestre de 2022.</p><p><b>22T1 PctServices</b>: % des entreprises possibles pour le travail à distance, secteur des services, 1er trimestre de 2022.</p><p><b>22T1 ErrTypeServices</b>: Erreur-type, secteur des services, 1er trimestre de 2022.</p><p><b>22T2 PctServices</b>: % des entreprises possibles pour le travail à distance, secteur des services, 2ème trimestre de 2022.</p><p><b>22T2 ErrTypeServices</b>: Erreur-type, secteur des services, 2ème trimestre de 2022.</p><p><b>22T3 PctServices</b>: % des entreprises possibles pour le travail à distance, secteur des services, 3ème trimestre de 2022.</p><p><b>22Q3 ServiceSdErr</b>: Erreur-type, secteur des services, 3ème trimestre de 2022.</p><p><b>SDR recherché</b>: Code de subdivision de recensement (SDR) recherché par l'utilisateur. Uniquement visible dans le tableau.</p> <p><b>Nom SDR recherché</b>:Nom de subdivision de recensement (SDR) recherché par l'utilisateur. Uniquement visible dans le tableau.</p>"
	}
}
